company_id,company_name,transport_mode,emission_percentage,monthly_emission_kgCO2
1,Company_1,Trucks,67,4984.52
2,Company_2,Mini Trucks,45,3290.11
3,Company_3,2-Wheelers,22,1230.45
4,Company_4,Trucks,81,7650.89
5,Company_5,Mini Trucks,53,4123.77
6,Company_6,2-Wheelers,30,2780.21
7,Company_7,Trucks,70,5201.65
8,Company_8,Mini Trucks,47,3400.33
9,Company_9,2-Wheelers,26,1985.76
10,Company_10,Trucks,76,6502.47
11,Company_11,Mini Trucks,59,4320.58
12,Company_12,2-Wheelers,19,1540.34
13,Company_13,Trucks,83,7689.41
14,Company_14,Mini Trucks,52,3894.22
15,Company_15,2-Wheelers,33,2705.67
16,Company_16,Trucks,90,8950.12
17,Company_17,Mini Trucks,61,4478.56
18,Company_18,2-Wheelers,28,2123.33
19,Company_19,Trucks,74,6032.44
20,Company_20,Mini Trucks,49,3590.1
21,Company_21,2-Wheelers,35,2410.59
22,Company_22,Trucks,80,7501.88
23,Company_23,Mini Trucks,56,4195.22
24,Company_24,2-Wheelers,27,1890.47
25,Company_25,Trucks,88,8200.66
26,Company_26,Mini Trucks,58,4352.2
27,Company_27,2-Wheelers,32,2456.77
28,Company_28,Trucks,73,6154.33
29,Company_29,Mini Trucks,50,3820.9
30,Company_30,2-Wheelers,23,1764.32
31,Company_31,Trucks,79,7002.65
32,Company_32,Mini Trucks,55,4122.5
33,Company_33,2-Wheelers,29,2134.12
34,Company_34,Trucks,91,8992.18
35,Company_35,Mini Trucks,60,4310.4
36,Company_36,2-Wheelers,21,1580.29
37,Company_37,Trucks,85,7630.78
38,Company_38,Mini Trucks,48,3450.88
39,Company_39,2-Wheelers,24,1823.56
40,Company_40,Trucks,69,5821.4
41,Company_41,Mini Trucks,46,3344.67
42,Company_42,2-Wheelers,36,2600.12
43,Company_43,Trucks,84,7420.01
44,Company_44,Mini Trucks,57,3999.99
45,Company_45,2-Wheelers,31,2320.44
46,Company_46,Trucks,93,9400.75
47,Company_47,Mini Trucks,63,4701.22
48,Company_48,2-Wheelers,25,1910.31
49,Company_49,Trucks,78,6899.36
50,Company_50,Mini Trucks,51,3898.77
51,Company_51,2-Wheelers,34,2645.12
52,Company_52,Trucks,86,7750.66
53,Company_53,Mini Trucks,62,4402.38
54,Company_54,2-Wheelers,37,2890.54
55,Company_55,Trucks,92,9011.2
56,Company_56,Mini Trucks,66,4800.1
57,Company_57,2-Wheelers,20,1423.99
58,Company_58,Trucks,89,8123.85
59,Company_59,Mini Trucks,54,3967.42
60,Company_60,2-Wheelers,38,2764.89
61,Company_61,Trucks,75,6350.66
62,Company_62,Mini Trucks,65,4555.55
63,Company_63,2-Wheelers,39,2544.78
64,Company_64,Trucks,94,9200.09
65,Company_65,Mini Trucks,67,4888.23
66,Company_66,2-Wheelers,18,1387.45
67,Company_67,Trucks,77,6700.61
68,Company_68,Mini Trucks,44,3120.77
69,Company_69,2-Wheelers,40,2466.34
70,Company_70,Trucks,95,9320.0
71,Company_71,Mini Trucks,64,4600.11
72,Company_72,2-Wheelers,41,2587.93
73,Company_73,Trucks,87,7900.88
74,Company_74,Mini Trucks,68,4998.12
75,Company_75,2-Wheelers,42,2670.44
76,Company_76,Trucks,96,9480.55
77,Company_77,Mini Trucks,69,5090.33
78,Company_78,2-Wheelers,43,2733.22
79,Company_79,Trucks,82,7600.73
80,Company_80,Mini Trucks,70,5201.46
81,Company_81,2-Wheelers,44,2804.67
82,Company_82,Trucks,97,9598.23
83,Company_83,Mini Trucks,71,5300.0
84,Company_84,2-Wheelers,45,2898.12
85,Company_85,Trucks,98,9750.43
86,Company_86,Mini Trucks,72,5400.6
87,Company_87,2-Wheelers,46,2933.41
88,Company_88,Trucks,99,9900.22
89,Company_89,Mini Trucks,73,5500.34
90,Company_90,2-Wheelers,47,3001.55
91,Company_91,Trucks,100,10000.0
92,Company_92,Mini Trucks,74,5600.19
93,Company_93,2-Wheelers,48,3090.31
94,Company_94,Trucks,60,4310.44
95,Company_95,Mini Trucks,43,2980.11
96,Company_96,2-Wheelers,50,3165.77
97,Company_97,Trucks,71,6030.23
98,Company_98,Mini Trucks,42,2887.66
99,Company_99,2-Wheelers,49,3200.45
100,Company_100,Trucks,65,5700.12
