job_id,company_name,contact_email,contact_phone,stipend_per_hour,job_date,job_time,location,job_duration
1,GreenWay Ltd,hr1@example.com,9761642457,15,2025-05-25,10:00,Bangalore,2
2,GreenWay Ltd,hr2@example.com,9585824734,35,2025-05-25,16:00,Pune,6
3,GreenWay Ltd,hr3@example.com,9617477043,25,2025-05-18,8:00,Mumbai,8
4,EcoSupply,hr4@example.com,9768478274,20,2025-05-27,13:00,Coimbatore,6
5,SwiftTrans,hr5@example.com,9475343631,20,2025-06-09,14:00,Pune,4
6,UrbanFreight,hr6@example.com,9184512733,25,2025-05-15,10:00,Kolkata,6
7,LogiPro,hr7@example.com,9662349134,30,2025-05-14,13:00,Ahmedabad,6
8,GreenWay Ltd,hr8@example.com,9854710745,20,2025-06-10,14:00,Chennai,6
9,EcoMove,hr9@example.com,9453853853,20,2025-06-08,11:00,Ahmedabad,4
10,SwiftTrans,hr10@example.com,9808091839,25,2025-05-27,16:00,Mumbai,2
11,SwiftTrans,hr11@example.com,9572285652,25,2025-05-22,11:00,Coimbatore,8
12,GreenWay Ltd,hr12@example.com,9359392219,25,2025-06-02,10:00,Kolkata,8
13,EcoMove,hr13@example.com,9458936443,30,2025-05-22,11:00,Kolkata,8
14,LogiPro,hr14@example.com,9188964857,35,2025-05-24,14:00,Coimbatore,8
15,EcoMove,hr15@example.com,9601782412,20,2025-05-21,11:00,Hyderabad,2
16,NextGen Logistics,hr16@example.com,9508661145,20,2025-05-23,11:00,Delhi,4
17,LogiPro,hr17@example.com,9286937933,30,2025-06-03,13:00,Chennai,6
18,EcoSupply,hr18@example.com,9597200008,15,2025-06-04,14:00,Coimbatore,8
19,SmartChain Inc,hr19@example.com,9116529819,15,2025-05-14,14:00,Kolkata,4
20,UrbanFreight,hr20@example.com,9335395557,20,2025-06-02,12:00,Vizag,8
21,SmartChain Inc,hr21@example.com,9373281277,35,2025-06-09,16:00,Delhi,4
22,LogiPro,hr22@example.com,9574976392,15,2025-06-07,10:00,Ahmedabad,6
23,SwiftTrans,hr23@example.com,9949315285,25,2025-05-22,9:00,Coimbatore,6
24,GreenWay Ltd,hr24@example.com,9418166140,30,2025-06-02,13:00,Ahmedabad,2
25,NextGen Logistics,hr25@example.com,9246933498,15,2025-05-30,14:00,Delhi,8
26,EcoSupply,hr26@example.com,9493219675,20,2025-05-14,10:00,Mumbai,4
27,EcoSupply,hr27@example.com,9192885839,15,2025-06-09,14:00,Chennai,2
28,LogiPro,hr28@example.com,9830332649,25,2025-05-27,10:00,Ahmedabad,6
29,SwiftTrans,hr29@example.com,9392389413,30,2025-05-27,9:00,Delhi,6
30,UrbanFreight,hr30@example.com,9677247620,35,2025-06-01,9:00,Coimbatore,6
31,SmartChain Inc,hr31@example.com,9555629261,30,2025-05-30,10:00,Coimbatore,2
32,NextGen Logistics,hr32@example.com,9438708559,15,2025-05-28,8:00,Bangalore,2
33,ABC Corp,hr33@example.com,9222543602,15,2025-05-28,8:00,Coimbatore,8
34,EcoSupply,hr34@example.com,9606749192,15,2025-06-06,9:00,Delhi,8
35,LogiPro,hr35@example.com,9166072673,30,2025-05-20,16:00,Kolkata,4
36,SwiftTrans,hr36@example.com,9320381500,25,2025-05-23,10:00,Kolkata,6
37,NextGen Logistics,hr37@example.com,9710142920,30,2025-05-14,14:00,Mumbai,6
38,LogiPro,hr38@example.com,9285882548,25,2025-05-22,13:00,Mumbai,8
39,GreenWay Ltd,hr39@example.com,9606745015,35,2025-05-28,14:00,Pune,2
40,EcoMove,hr40@example.com,9219404121,15,2025-06-02,10:00,Vizag,2
41,GreenWay Ltd,hr41@example.com,9153254848,35,2025-06-07,15:00,Delhi,6
42,GreenWay Ltd,hr42@example.com,9335843035,20,2025-06-02,13:00,Bangalore,8
43,NextGen Logistics,hr43@example.com,9130092355,20,2025-06-03,14:00,Pune,6
44,NextGen Logistics,hr44@example.com,9354717231,35,2025-05-27,9:00,Chennai,2
45,EcoMove,hr45@example.com,9894451602,20,2025-05-24,8:00,Kolkata,4
46,UrbanFreight,hr46@example.com,9689872212,30,2025-05-21,13:00,Bangalore,8
47,ABC Corp,hr47@example.com,9463138330,35,2025-05-15,11:00,Hyderabad,6
48,SmartChain Inc,hr48@example.com,9523771577,20,2025-06-09,13:00,Hyderabad,2
49,NextGen Logistics,hr49@example.com,9276571589,15,2025-06-04,15:00,Chennai,4
50,NextGen Logistics,hr50@example.com,9874175773,20,2025-06-07,16:00,Coimbatore,6
